Niche,Topic,Template,Hook,Caption,Description,CTA,Full Post
sports,The role of coaches in building champions,hot_take,The secret behind every champion's success,"The secret behind every champion's success

The role of coaches in building champions

What do you think?",Let's dive into the role of coaches in building champions. Share your experiences in the comments!,Comment below what you think!,🔥 HOT TAKE 🔥 |  | The secret behind every champion's success |  | The secret behind every champion's success |  | The role of coaches in building champions |  | What do you think? |  | Let's dive into the role of coaches in building champions. Share your experiences in the comments! |  | Comment below what you think! |  | #HotTake #Sports #Controversial
sports,How sports teach life lessons,business_lesson,Why most athletes fail before they succeed,"Why most athletes fail before they succeed

How sports teach life lessons

What do you think?",Here's what you need to know about how sports teach life lessons. Share your experiences in the comments!,Drop a 🔥 if you agree,📈 BUSINESS LESSON 📈 |  | Why most athletes fail before they succeed |  | Why most athletes fail before they succeed |  | How sports teach life lessons |  | What do you think? |  | Here's what you need to know about how sports teach life lessons. Share your experiences in the comments! |  | Drop a 🔥 if you agree |  | #Business #Sports #Entrepreneurship
sports,Mental toughness in athletes,ranking,Why most athletes fail before they succeed,"Why most athletes fail before they succeed

Here's why Mental toughness in athletes matters.

Your take?",Let's dive into mental toughness in athletes. What are your thoughts on this approach?,Share this with someone who needs to hear it,📊 TOP 5: MENTAL TOUGHNESS IN ATHLETES |  | Why most athletes fail before they succeed |  | Why most athletes fail before they succeed |  | Here's why Mental toughness in athletes matters. |  | Your take? |  | Let's dive into mental toughness in athletes. What are your thoughts on this approach? |  | Share this with someone who needs to hear it |  | #Ranking #Sports #Top5
